uid,dbsnp,kg,esp_avg,exac_total
CYP19A1,rs72552260,0.000199681,0,3.29815E-05
CYP19A1_NC,rs28757202,0.373003,0,0.399772
LCT_1,rs2322659,0.442692,0.566377,0.605808
LCT_2,rs2278544,0.441494,0.572707,0.621462
LCT_NC,rs1042712,0.739617,0.768811,0.796696
PCSK9_1,rs11583680,0.091254,0.0794719,0.191391
PCSK9_2,rs67610340,0,0.167413,0.142824
PCSK9_NC,rs2495482,0.908546,0.894035,0.93699
