uid	exac_afr	exac_eas	exac_fin	exac_nfe	exac_lat	exac_oth	exac_sas	exac_total	esp_ea	esp_aa	esp_avg	kg
CYP19A1	0	0.000115955	0	4.49721E-05	0	0	0	3.29815E-05	0	0	0	0.000199681
LCT_1	0.396886	0.479036	0.726943	0.7003	0.496631	0.567181	0.452035	0.605808	0.725581	0.407172	0.566377	0.442692
LCT_2	0.385288	0.440344	0.739946	0.728769	0.511407	0.595815	0.462205	0.621462	0.75186	0.393554	0.572707	0.441494
PCSK9_1	0.0391304	0.230076	0.233591	0.228818	0.152453	0.165414	0.165537	0.191391	0.130124	0.0288198	0.0794719	0.091254
PCSK9_2	0.169454	0.09375	0.141177	0.145445	0.122776	0.129032	0.141042	0.142824	0.149762	0.185065	0.167413	0
PCSK9_NC	.	.	.	.	.	.	.	0.93699	.	.	0.894035	0.908546
LCT_NC	.	.	.	.	.	.	.	0.796696	.	.	0.768811	0.739617
CYP19A1_NC	.	.	.	.	.	.	.	0.399772	.	.	0	0.373003
